feature,coef
epsilon_m,-9077283861.42745
relative_roughness,477541424.7573302
Q_m3_s,-216280809.83930993
friction_factor,-6748015.655238368
D_m,5124318.381505014
velocity_m_s,-462776.08408548724
n_bend,13095.017525890029
sum_zeta,11785.464486038769
Re,17.63175349292578
dp_phy_Pa,0.21836216561496258
