Model,MAE,RMSE,R2
Physical baseline,180076.05196247887,684162.2360002635,0.9857321131977833
LinearRegression correction,170857.05727183312,369483.90721615136,0.995838666592077
RandomForest correction,98264.01437456298,324816.41920358536,0.9967839898802296
