feature,importance
Re,0.7230145296201586
velocity_m_s,0.10052720167067501
dp_phy_Pa,0.09097228647216522
D_m,0.054182137500920886
Q_m3_s,0.01025109504871361
n_bend,0.0049334192430710066
friction_factor,0.0047755028963478935
relative_roughness,0.004142835088745462
epsilon_m,0.004081192163477281
sum_zeta,0.003119800295725147
